{
  "__version__": "1.3.7",
  "splash-setting": {
    "background": {
      "type": "color",
      "color": {
        "x": 0.1411764705882353,
        "y": 0.1607843137254902,
        "z": 0.18823529411764706,
        "w": 1
      }
    },
    "logo": {
      "type": "default"
    },
    "totalTime": 1000,
    "displayRatio": 2.5
  }
}
